timestamp,idx,decision,reason,p_intent,q_prob_good,q_score_pred,latency_ms
1774028652.264,1,REJECT,no_intent_detected,0.316639,0.000033,0.109566,1.987709
1774028652.779,2,RESTORE,intent_detected_quality_bad,0.761599,0.052624,0.583210,8.416708
1774028653.292,3,RESTORE,intent_detected_quality_bad,0.632724,0.000014,0.171838,6.881958
1774028653.803,4,REJECT,no_intent_detected,0.167248,0.014988,0.218003,5.040083
1774028654.315,5,REJECT,no_intent_detected,0.142070,0.913133,0.776874,4.920083
1774028654.827,6,REJECT,no_intent_detected,0.283922,0.015648,0.517359,5.490959
1774028655.334,7,REJECT,no_intent_detected,0.016870,0.982980,0.848870,4.928750
1774028655.845,8,REJECT,no_intent_detected,0.040119,0.000000,0.112640,4.905208
1774028656.355,9,REJECT,no_intent_detected,0.010029,0.042887,0.566482,5.017708
1774028656.868,10,RESTORE,intent_detected_quality_bad,0.642410,0.000081,0.218923,6.974041
1774028657.379,11,RESTORE,intent_detected_quality_bad,0.785552,0.001255,0.369351,5.155542
1774028657.892,12,RESTORE,intent_detected_quality_bad,0.881523,0.007690,0.466483,5.888333
1774028658.405,13,RESTORE,intent_detected_quality_bad,0.538077,0.000070,0.148601,6.929750
1774028658.918,14,RESTORE,intent_detected_quality_bad,0.771575,0.227187,0.363447,7.078458
1774028659.430,15,REJECT,no_intent_detected,0.013137,0.956816,0.810658,5.193875
1774028659.939,16,REJECT,no_intent_detected,0.009189,0.000000,0.049041,5.394167
1774028660.452,17,REJECT,no_intent_detected,0.006123,0.002432,0.338221,4.876250
1774028660.960,18,RESTORE,intent_detected_quality_bad,0.794530,0.000453,0.306844,6.114334
1774028661.471,19,RESTORE,intent_detected_quality_bad,0.747630,0.003902,0.460689,6.088875
1774028661.983,20,RESTORE,intent_detected_quality_bad,0.678390,0.282330,0.839862,6.071167
1774028662.493,21,OK,signal_quality_good_enough,0.640980,0.974011,0.972666,4.934416
1774028663.000,22,OK,signal_quality_good_enough,0.765506,0.908106,0.910914,3.615083
1774028663.512,23,OK,signal_quality_good_enough,0.749903,0.957293,0.932817,5.736750
1774028664.020,24,OK,signal_quality_good_enough,0.765167,0.897298,0.910619,4.935291
1774028664.529,25,RESTORE,intent_detected_quality_bad,0.720838,0.128382,0.463355,7.032250
1774028665.042,26,REJECT,no_intent_detected,0.042757,0.000000,0.057091,4.757541
1774028665.554,27,REJECT,no_intent_detected,0.100304,0.934550,0.780205,5.117000
1774028666.065,28,REJECT,no_intent_detected,0.002641,0.000000,0.023411,5.324000
1774028666.575,29,REJECT,no_intent_detected,0.399128,0.061157,0.482395,5.421292
1774028667.086,30,REJECT,no_intent_detected,0.026660,0.000051,0.172593,4.841875
1774028667.598,31,REJECT,no_intent_detected,0.400399,0.271936,0.681378,4.919791
1774028668.111,32,RESTORE,intent_detected_quality_bad,0.855541,0.001125,0.372422,7.036375
1774028668.624,33,RESTORE,intent_detected_quality_bad,0.833879,0.023321,0.522927,6.927084
1774028669.132,34,OK,signal_quality_good_enough,0.788019,0.603321,0.858918,3.797292
1774028669.645,35,RESTORE,intent_detected_quality_bad,0.851391,0.001466,0.382910,6.175084
1774028670.157,36,RESTORE,intent_detected_quality_bad,0.830080,0.364987,0.756469,5.942709
1774028670.669,37,RESTORE,intent_detected_quality_bad,0.743983,0.000014,0.209742,6.104334
1774028671.181,38,RESTORE,intent_detected_quality_bad,0.910384,0.006150,0.435488,6.813625
1774028671.695,39,RESTORE,intent_detected_quality_bad,0.880528,0.034672,0.530040,7.416375
1774028672.206,40,REJECT,no_intent_detected,0.056728,0.000000,0.028358,5.245333
1774028672.719,41,REJECT,no_intent_detected,0.156915,0.154454,0.455638,5.851458
1774028673.231,42,RESTORE,intent_detected_quality_bad,0.582264,0.002495,0.415533,6.170084
1774028673.742,43,RESTORE,intent_detected_quality_bad,0.918083,0.000644,0.343953,7.602833
1774028674.254,44,OK,signal_quality_good_enough,0.801812,0.990052,0.974848,5.227125
1774028674.766,45,OK,signal_quality_good_enough,0.813993,0.989776,0.972903,5.735083
1774028675.280,46,RESTORE,intent_detected_quality_bad,0.841472,0.000037,0.270461,7.048542
1774028675.793,47,RESTORE,intent_detected_quality_bad,0.879755,0.338552,0.734168,7.009583
1774028676.304,48,OK,signal_quality_good_enough,0.913277,0.624081,0.751162,4.941791
1774028676.817,49,OK,signal_quality_good_enough,0.871279,0.902122,0.898258,6.212041
1774028677.330,50,RESTORE,intent_detected_quality_bad,0.677724,0.007802,0.562018,7.060917
1774028677.846,51,RESTORE,intent_detected_quality_bad,0.619893,0.041084,0.498552,8.305125
1774028678.356,52,REJECT,no_intent_detected,0.118720,0.992834,0.917112,4.405083
1774028678.867,53,REJECT,no_intent_detected,0.327843,0.021754,0.509429,4.962333
1774028679.379,54,REJECT,no_intent_detected,0.302875,0.021634,0.504068,5.911292
1774028679.891,55,REJECT,no_intent_detected,0.015560,0.970854,0.809710,5.489417
1774028680.401,56,REJECT,no_intent_detected,0.128729,0.172196,0.442912,5.261333
1774028680.912,57,REJECT,no_intent_detected,0.088837,0.416545,0.594422,4.886000
1774028681.424,58,REJECT,no_intent_detected,0.265611,0.000093,0.150758,4.697000
1774028681.936,59,RESTORE,intent_detected_quality_bad,0.526320,0.000056,0.195428,6.252292
1774028682.447,60,OK,signal_quality_good_enough,0.682721,0.589360,0.783795,5.330167
1774028682.956,61,REJECT,no_intent_detected,0.167726,0.980710,0.958228,4.900375
1774028683.468,62,OK,signal_quality_good_enough,0.941698,0.834953,0.982271,5.464083
1774028683.982,63,RESTORE,intent_detected_quality_bad,0.604571,0.317785,0.816707,7.235709
1774028684.493,64,REJECT,no_intent_detected,0.219914,0.999046,0.968861,5.587500
1774028685.003,65,REJECT,no_intent_detected,0.107990,0.917022,0.775234,5.495416
1774028685.513,66,REJECT,no_intent_detected,0.001041,0.000000,0.025339,4.855041
1774028686.025,67,REJECT,no_intent_detected,0.127382,0.000002,0.188561,4.961084
1774028686.536,68,REJECT,no_intent_detected,0.110193,0.111685,0.378869,4.908541
1774028687.047,69,REJECT,no_intent_detected,0.070318,0.000099,0.065285,4.949250
1774028687.558,70,REJECT,no_intent_detected,0.166182,0.000014,0.087613,4.911750
1774028688.071,71,RESTORE,intent_detected_quality_bad,0.742495,0.001866,0.405485,7.263333
1774028688.582,72,REJECT,no_intent_detected,0.359780,0.000004,0.102028,5.126959
1774028689.095,73,RESTORE,intent_detected_quality_bad,0.930549,0.014569,0.836169,7.137000
1774028689.607,74,REJECT,no_intent_detected,0.134633,0.000001,0.251462,5.369875
1774028690.117,75,REJECT,no_intent_detected,0.377306,0.961623,0.847526,5.457542
1774028690.623,76,REJECT,no_intent_detected,0.000765,0.007321,0.584924,3.782792
1774028691.135,77,REJECT,no_intent_detected,0.030848,0.000003,0.058996,5.251542
1774028691.645,78,REJECT,no_intent_detected,0.063546,0.398194,0.558113,5.037708
1774028692.158,79,RESTORE,intent_detected_quality_bad,0.695149,0.140299,0.702124,6.773000
1774028692.671,80,RESTORE,intent_detected_quality_bad,0.849630,0.007318,0.453430,6.892708
1774028693.183,81,RESTORE,intent_detected_quality_bad,0.622156,0.000004,0.106290,6.326459
1774028693.692,82,REJECT,no_intent_detected,0.317793,0.000017,0.216670,5.303625
1774028694.199,83,REJECT,no_intent_detected,0.213556,0.000402,0.329218,5.477208
1774028694.710,84,REJECT,no_intent_detected,0.004715,0.000000,0.044446,4.946166
1774028695.222,85,REJECT,no_intent_detected,0.465034,0.000230,0.351245,5.360209
1774028695.730,86,REJECT,no_intent_detected,0.228468,0.891380,0.783198,4.601584
1774028696.243,87,RESTORE,intent_detected_quality_bad,0.796285,0.154941,0.571157,6.685375
1774028696.751,88,RESTORE,intent_detected_quality_bad,0.691724,0.233932,0.568321,5.046083
1774028697.265,89,RESTORE,intent_detected_quality_bad,0.665763,0.134063,0.491144,6.835125
1774028697.778,90,RESTORE,intent_detected_quality_bad,0.701297,0.137735,0.526801,7.163250
1774028698.291,91,RESTORE,intent_detected_quality_bad,0.727265,0.163812,0.556302,6.326000
1774028698.800,92,RESTORE,intent_detected_quality_bad,0.651995,0.169208,0.538326,6.981625
1774028699.313,93,RESTORE,intent_detected_quality_bad,0.612951,0.056190,0.452597,6.567792
1774028699.825,94,RESTORE,intent_detected_quality_bad,0.563365,0.019314,0.452384,6.790083
1774028700.335,95,REJECT,no_intent_detected,0.491733,0.050696,0.527967,5.521708
1774028700.845,96,REJECT,no_intent_detected,0.411787,0.046372,0.529939,4.818084
1774028701.357,97,RESTORE,intent_detected_quality_bad,0.572386,0.074270,0.500374,6.187458
1774028701.866,98,RESTORE,intent_detected_quality_bad,0.775093,0.381310,0.565410,6.796209
1774028702.377,99,OK,signal_quality_good_enough,0.846696,0.509941,0.568498,5.137208
1774028702.887,100,RESTORE,intent_detected_quality_bad,0.863022,0.323368,0.530616,6.507917
1774028703.398,101,RESTORE,intent_detected_quality_bad,0.811801,0.158904,0.493354,7.264125
1774028703.911,102,RESTORE,intent_detected_quality_bad,0.753319,0.110563,0.484193,5.894416
1774028704.422,103,RESTORE,intent_detected_quality_bad,0.777293,0.370106,0.562889,5.265791
1774028704.932,104,RESTORE,intent_detected_quality_bad,0.819099,0.447991,0.574780,7.259541
1774028705.443,105,RESTORE,intent_detected_quality_bad,0.822342,0.377435,0.578709,5.439834
1774028705.956,106,RESTORE,intent_detected_quality_bad,0.795325,0.405462,0.608739,7.143917
1774028706.469,107,RESTORE,intent_detected_quality_bad,0.771743,0.335531,0.585660,6.846125
1774028706.982,108,RESTORE,intent_detected_quality_bad,0.698451,0.060021,0.484182,7.057833
1774028707.495,109,RESTORE,intent_detected_quality_bad,0.764091,0.077670,0.476237,5.940625
1774028708.002,110,RESTORE,intent_detected_quality_bad,0.813634,0.244237,0.539231,4.986833
1774028708.515,111,RESTORE,intent_detected_quality_bad,0.705477,0.148686,0.509745,7.047708
1774028709.027,112,RESTORE,intent_detected_quality_bad,0.669656,0.127172,0.507934,5.374083
1774028709.539,113,RESTORE,intent_detected_quality_bad,0.712468,0.199999,0.526363,5.002916
1774028710.046,114,RESTORE,intent_detected_quality_bad,0.739881,0.119800,0.489638,5.009834
1774028710.558,115,RESTORE,intent_detected_quality_bad,0.744432,0.164777,0.495669,6.190958
1774028711.072,116,RESTORE,intent_detected_quality_bad,0.717391,0.131722,0.503599,6.946083
1774028711.585,117,RESTORE,intent_detected_quality_bad,0.691908,0.070179,0.497167,7.127792
1774028712.098,118,RESTORE,intent_detected_quality_bad,0.633152,0.056440,0.508718,6.748125
1774028712.611,119,RESTORE,intent_detected_quality_bad,0.697680,0.133617,0.516100,6.686708
1774028713.122,120,RESTORE,intent_detected_quality_bad,0.766365,0.041744,0.458112,6.263125
1774028713.635,121,RESTORE,intent_detected_quality_bad,0.829107,0.079208,0.457679,7.051834
1774028714.147,122,RESTORE,intent_detected_quality_bad,0.930347,0.406719,0.537382,5.982792
1774028714.660,123,RESTORE,intent_detected_quality_bad,0.930292,0.331097,0.544075,7.070167
1774028715.172,124,RESTORE,intent_detected_quality_bad,0.899981,0.236995,0.517730,5.959666
1774028715.685,125,RESTORE,intent_detected_quality_bad,0.907597,0.422131,0.550894,6.578875
1774028716.194,126,RESTORE,intent_detected_quality_bad,0.885203,0.243829,0.512065,5.882000
1774028716.707,127,RESTORE,intent_detected_quality_bad,0.872156,0.161685,0.481813,6.913750
1774028717.220,128,RESTORE,intent_detected_quality_bad,0.885727,0.230389,0.500140,6.700500
1774028717.734,129,RESTORE,intent_detected_quality_bad,0.879201,0.221900,0.497667,7.674708
1774028718.247,130,RESTORE,intent_detected_quality_bad,0.883890,0.115915,0.465644,6.716792
1774028718.759,131,RESTORE,intent_detected_quality_bad,0.893567,0.178015,0.474982,6.204042
1774028719.269,132,RESTORE,intent_detected_quality_bad,0.892132,0.172369,0.460072,7.360750
1774028719.781,133,RESTORE,intent_detected_quality_bad,0.879075,0.135851,0.466962,6.014542
1774028720.294,134,RESTORE,intent_detected_quality_bad,0.878557,0.188748,0.481567,7.085292
1774028720.807,135,RESTORE,intent_detected_quality_bad,0.899877,0.158179,0.456681,7.365416
